[
  {
    "id": 1,
    "name": "Asha Patel",
    "age": 29,
    "contact": "9876543210",
    "address": "Mumbai",
    "notes": "Diabetic"
  },
  {
    "id": 2,
    "name": "Rahul Singh",
    "age": 45,
    "contact": "9123456780",
    "address": "Delhi",
    "notes": "Hypertension"
  },
  {
    "id": 3,
    "name": "Maya Roy",
    "age": 36,
    "contact": "9988776655",
    "address": "Kolkata",
    "notes": "Allergic to penicillin"
  },
  {
    "id": 4,
    "name": "Suresh Kumar",
    "age": 52,
    "contact": "9111223344",
    "address": "Chennai",
    "notes": "Recovering from surgery"
  },
  {
    "id": 5,
    "name": "Neha Sharma",
    "age": 24,
    "contact": "9001122334",
    "address": "Bengaluru",
    "notes": "Regular checkup"
  }
]